{"cameraMode":{"drawMode":0,"name":"Shaded","section":"Shading Mode"},"sceneLighting":true,"audioPlay":false,"sceneViewState":{"m_AlwaysRefresh":false,"showFog":true,"showSkybox":true,"showFlares":true,"showImageEffects":true,"showParticleSystems":true,"showVisualEffectGraphs":true,"m_FxEnabled":true},"in2DMode":false,"pivot":{"x":6.8595075607299809,"y":-8.885614395141602,"z":-13.862565994262696},"rotation":{"x":0.1340128630399704,"y":0.8421728014945984,"z":-0.24455146491527558,"w":0.46150416135787966},"size":22.248937606811525,"orthographic":false}